{"cameraMode":{"drawMode":0,"name":"Shaded","section":"Shading Mode"},"sceneLighting":false,"audioPlay":false,"sceneViewState":{"m_AlwaysRefresh":false,"showFog":true,"showSkybox":true,"showFlares":true,"showImageEffects":true,"showParticleSystems":true,"showVisualEffectGraphs":true,"m_FxEnabled":true},"in2DMode":false,"pivot":{"x":-22.708744049072267,"y":1.9146188497543336,"z":0.22968542575836183},"rotation":{"x":-0.02704264596104622,"y":0.6982969045639038,"z":-0.02641298994421959,"w":-0.7148331999778748},"size":17.96571922302246,"orthographic":false}