{"cameraMode":{"drawMode":0,"name":"Shaded","section":"Shading Mode"},"sceneLighting":false,"audioPlay":false,"sceneViewState":{"m_AlwaysRefresh":false,"showFog":true,"showSkybox":true,"showFlares":true,"showImageEffects":true,"showParticleSystems":true,"showVisualEffectGraphs":true,"m_FxEnabled":true},"in2DMode":false,"pivot":{"x":-22.534835815429689,"y":1.8799219131469727,"z":7.547821044921875},"rotation":{"x":-0.02704264596104622,"y":0.6982969045639038,"z":-0.02641298994421959,"w":-0.7148331999778748},"size":16.405729293823243,"orthographic":false}